company,fiscal_year,gov_cr_inr,revenue_cr_inr,market_share_pct,orders_per_day_lakh,revenue_usd_m,gov_usd_m
,,4923.0,2301.0,45.0,10.0,27.612000000000002,59.076
,,9421.0,1709.0,45.0,10.0,20.508,113.052
,,2724.0,1088.0,27.0,6.4,13.056000000000001,32.688
,,,4454.0,,,53.448,
,,11600.0,,,,,139.20000000000002
,,11600.0,,,,,139.20000000000002
